Title,Artist,First Name,Date
Old Town Road,Lil Nas X Featuring Billy Ray Cyrus,Lil,6/29/2019
7 Rings,Ariana Grande,Ariana,3/30/2019
Sucker,Jonas Brothers,Jonas,3/9/2019
Shallow,Lady Gaga & Bradley Cooper,Lady,3/2/2019
Without Me,Halsey,Halsey,1/19/2019
Sunflower (Spider-Man: Into The Spider-Verse),Post Malone & Swae Lee,Post,1/12/2019
"Thank U, Next",Ariana Grande,Ariana,12/29/2018
Sicko Mode,Travis Scott,Travis,12/1/2018
Girls Like You,Maroon 5 Featuring Cardi B,Maroon,11/3/2018
In My Feelings,Drake,Drake,9/15/2018
Nice For What,Drake,Drake,7/7/2018
I Like It,"Cardi B, Bad Bunny & J Balvin",Cardi,6/30/2018
Sad!,XXXTENTACION,XXXTENTACION,6/23/2018
Psycho,Post Malone Featuring Ty Dolla $ign,Post,6/9/2018
This Is America,Childish Gambino,Childish,5/19/2018
God's Plan,Drake,Drake,4/7/2018
Havana,Camila Cabello Featuring Young Thug,Camila,1/20/2018
Perfect,Ed Sheeran,Ed,1/13/2018
Rockstar,Post Malone Featuring 21 Savage,Post,12/9/2017
Bodak Yellow (Money Moves),Cardi B,Cardi,10/14/2017
Look What You Made Me Do,Taylor Swift,Taylor,9/23/2017
Despacito,Luis Fonsi & Daddy Yankee Featuring Justin Bieber,Luis,9/2/2017
I'm The One,"DJ Khaled Featuring Justin Bieber, Quavo, Chance The Rapper & Lil Wayne",DJ,5/13/2017
That's What I Like,Bruno Mars,Bruno,5/6/2017
Humble.,Kendrick Lamar,Kendrick,4/29/2017
Shape Of You,Ed Sheeran,Ed,4/22/2017
Bad And Boujee,Migos Featuring Lil Uzi Vert,Migos,2/4/2017
Black Beatles,Rae Sremmurd Featuring Gucci Mane,Rae,1/7/2017
Starboy,The Weeknd Featuring Daft Punk,The,12/31/2016
Closer,The Chainsmokers Featuring Halsey,The,11/12/2016
Cheap Thrills,Sia Featuring Sean Paul,Sia,8/20/2016
One Dance,Drake Featuring WizKid & Kyla,Drake,7/23/2016
Can't Stop The Feeling!,Justin Timberlake,Justin,5/21/2016
Panda,Desiigner,Desiigner,5/7/2016
Work,Rihanna Featuring Drake,Rihanna,4/23/2016
Love Yourself,Justin Bieber,Justin,2/20/2016
Pillowtalk,Zayn,Zayn,2/13/2016
Sorry,Justin Bieber,Justin,1/30/2016
Hello,Adele,Adele,1/9/2016
The Hills,The Weeknd,The,10/31/2015
Can't Feel My Face,The Weeknd,The,9/19/2015
What Do You Mean?,Justin Bieber,Justin,9/12/2015
Cheerleader,OMI,OMI,8/29/2015
See You Again,Wiz Khalifa Featuring Charlie Puth,Wiz,7/11/2015
Bad Blood,Taylor Swift Featuring Kendrick Lamar,Taylor,5/30/2015
Uptown Funk!,Mark Ronson Featuring Bruno Mars,Mark,4/11/2015
Blank Space,Taylor Swift,Taylor,1/3/2015
Shake It Off,Taylor Swift,Taylor,11/15/2014
All About That Bass,Meghan Trainor,Meghan,11/1/2014
Rude,MAGIC!,MAGIC!,8/23/2014
Fancy,Iggy Azalea Featuring Charli XCX,Iggy,7/12/2014
All Of Me,John Legend,John,5/24/2014
Happy,Pharrell Williams,Pharrell,5/3/2014
Dark Horse,Katy Perry Featuring Juicy J,Katy,2/22/2014
Timber,Pitbull Featuring Ke$ha,Pitbull,1/25/2014
The Monster,Eminem Featuring Rihanna,Eminem,1/4/2014
Wrecking Ball,Miley Cyrus,Miley,12/7/2013
Royals,Lorde,Lorde,11/30/2013
Roar,Katy Perry,Katy,9/14/2013
Blurred Lines,Robin Thicke Featuring T.I. + Pharrell,Robin,8/31/2013
Can't Hold Us,Macklemore & Ryan Lewis Featuring Ray Dalton,Macklemore,6/8/2013
Just Give Me A Reason,P!nk Featuring Nate Ruess,P!nk,5/4/2013
When I Was Your Man,Bruno Mars,Bruno,4/13/2013
Thrift Shop,Macklemore & Ryan Lewis Featuring Wanz,Macklemore,4/6/2013
Harlem Shake,Baauer,Baauer,3/23/2013
Locked Out Of Heaven,Bruno Mars,Bruno,1/19/2013
Diamonds,Rihanna,Rihanna,12/8/2012
One More Night,Maroon 5,Maroon,11/17/2012
We Are Never Ever Getting Back Together,Taylor Swift,Taylor,9/15/2012
Whistle,Flo Rida,Flo,9/8/2012
Call Me Maybe,Carly Rae Jepsen,Carly,8/11/2012
Somebody That I Used To Know,Gotye Featuring Kimbra,Gotye,6/9/2012
We Are Young,fun. Featuring Janelle Monae,fun.,4/14/2012
Stronger (What Doesn't Kill You),Kelly Clarkson,Kelly,3/3/2012
Part Of Me,Katy Perry,Katy,2/25/2012
Set Fire To The Rain,Adele,Adele,2/4/2012
We Found Love,Rihanna Featuring Calvin Harris,Rihanna,1/21/2012
Sexy And I Know It,LMFAO,LMFAO,1/7/2012
Someone Like You,Adele,Adele,10/29/2011
Moves Like Jagger,Maroon 5 Featuring Christina Aguilera,Maroon,10/1/2011
Last Friday Night (T.G.I.F.),Katy Perry,Katy,8/27/2011
Party Rock Anthem,LMFAO Featuring Lauren Bennett & GoonRock,LMFAO,8/13/2011
Give Me Everything,"Pitbull Featuring Ne-Yo, Afrojack & Nayer",Pitbull,7/2/2011
Rolling In The Deep,Adele,Adele,6/25/2011
E.T.,Katy Perry Featuring Kanye West,Katy,5/7/2011
S&M,Rihanna Featuring Britney Spears,Rihanna,4/23/2011
Born This Way,Lady Gaga,Lady,3/26/2011
Black And Yellow,Wiz Khalifa,Wiz,2/12/2011
Grenade,Bruno Mars,Bruno,2/5/2011
Hold It Against Me,Britney Spears,Britney,1/22/2011
Firework,Katy Perry,Katy,1/8/2011
Raise Your Glass,P!nk,P!nk,12/4/2010
Only Girl (In The World),Rihanna,Rihanna,11/27/2010
Like A G6,Far*East Movement Featuring Cataracs & Dev,Far*East,11/20/2010
What's My Name?,Rihanna Featuring Drake,Rihanna,11/13/2010
We R Who We R,Ke$ha,Ke$ha,11/6/2010
Just The Way You Are,Bruno Mars,Bruno,10/16/2010
Teenage Dream,Katy Perry,Katy,9/18/2010
Love The Way You Lie,Eminem Featuring Rihanna,Eminem,9/4/2010
California Gurls,Katy Perry Featuring Snoop Dogg,Katy,7/17/2010
OMG,Usher Featuring will.i.am,Usher,6/5/2010
Not Afraid,Eminem,Eminem,5/15/2010
Nothin' On You,B.o.B Featuring Bruno Mars,B.o.B,5/1/2010
Rude Boy,Rihanna,Rihanna,4/17/2010
Break Your Heart,Taio Cruz Featuring Ludacris,Taio,3/13/2010
Imma Be,The Black Eyed Peas,The,3/6/2010
TiK ToK,Ke$ha,Ke$ha,2/20/2010
Empire State Of Mind,Jay-Z + Alicia Keys,Jay-Z,12/19/2009
Fireflies,Owl City,Owl,11/14/2009
Whatcha Say,Jason Derulo,Jason,11/7/2009
Down,Jay Sean Featuring Lil Wayne,Jay,10/24/2009
3,Britney Spears,Britney,10/17/2009
I Gotta Feeling,The Black Eyed Peas,The,10/3/2009
Boom Boom Pow,The Black Eyed Peas,The,6/27/2009
Poker Face,Lady Gaga,Lady,4/4/2009
Right Round,Flo Rida,Flo,3/28/2009
Crack A Bottle,"Eminem, Dr. Dre & 50 Cent","Eminem,",2/14/2009
My Life Would Suck Without You,Kelly Clarkson,Kelly,2/7/2009
Just Dance,Lady Gaga Featuring Colby O'Donis,Lady,1/24/2009
Single Ladies (Put A Ring On It),Beyonce,Beyonce,1/3/2009
Live Your Life,T.I. Featuring Rihanna,T.I.,12/13/2008
Whatever You Like,T.I.,T.I.,11/1/2008
Womanizer,Britney Spears,Britney,10/18/2008
So What,P!nk,P!nk,9/20/2008
Disturbia,Rihanna,Rihanna,8/23/2008
I Kissed A Girl,Katy Perry,Katy,8/9/2008
Viva La Vida,Coldplay,Coldplay,6/21/2008
Lollipop,Lil Wayne Featuring Static Major,Lil,6/14/2008
Take A Bow,Rihanna,Rihanna,5/17/2008
Bleeding Love,Leona Lewis,Leona,5/10/2008
Touch My Body,Mariah Carey,Mariah,4/12/2008
Love In This Club,Usher Featuring Young Jeezy,Usher,3/22/2008
Low,Flo Rida Featuring T-Pain,Flo,3/1/2008
No One,Alicia Keys,Alicia,12/22/2007
Kiss Kiss,Chris Brown Featuring T-Pain,Chris,11/17/2007
Crank That (Soulja Boy),Soulja Boy Tell'em,Soulja,10/27/2007
Stronger,Kanye West,Kanye,9/22/2007
Big Girls Don't Cry,Fergie,Fergie,9/1/2007
Beautiful Girls,Sean Kingston,Sean,8/25/2007
Hey There Delilah,Plain White T's,Plain,7/28/2007
Umbrella,Rihanna Featuring Jay-Z,Rihanna,7/14/2007
Makes Me Wonder,Maroon 5,Maroon,5/26/2007
Buy U A Drank (Shawty Snappin'),T-Pain Featuring Yung Joc,T-Pain,5/19/2007
Girlfriend,Avril Lavigne,Avril,4/28/2007
Give It To Me,Timbaland Featuring Nelly Furtado & Justin Timberlake,Timbaland,4/21/2007
Don't Matter,Akon,Akon,4/7/2007
Glamorous,Fergie Featuring Ludacris,Fergie,3/24/2007
This Is Why I'm Hot,Mims,Mims,3/10/2007
What Goes Around...Comes Around,Justin Timberlake,Justin,2/24/2007
Say It Right,Nelly Furtado,Nelly,2/17/2007
Irreplaceable,Beyonce,Beyonce,2/10/2007
I Wanna Love You,Akon Featuring Snoop Dogg,Akon,12/2/2006
My Love,Justin Timberlake Featuring T.I.,Justin,11/18/2006
Money Maker,Ludacris Featuring Pharrell,Ludacris,10/28/2006
SexyBack,Justin Timberlake,Justin,10/14/2006
London Bridge,Fergie,Fergie,8/26/2006
Promiscuous,Nelly Furtado Featuring Timbaland,Nelly,8/5/2006
Do I Make You Proud,Taylor Hicks,Taylor,6/24/2006
Hips Don't Lie,Shakira Featuring Wyclef Jean,Shakira,6/17/2006
Ridin',Chamillionaire Featuring Krayzie Bone,Chamillionaire,6/3/2006
SOS,Rihanna,Rihanna,5/20/2006
Bad Day,Daniel Powter,Daniel,4/29/2006
Temperature,Sean Paul,Sean,3/25/2006
So Sick,Ne-Yo,Ne-Yo,3/18/2006
You're Beautiful,James Blunt,James,3/4/2006
Check On It,Beyonce Featuring Slim Thug,Beyonce,2/25/2006
Grillz,"Nelly Featuring Paul Wall, Ali & Gipp",Nelly,1/21/2006
Laffy Taffy,D4L,D4L,1/7/2006
Don't Forget About Us,Mariah Carey,Mariah,12/31/2005
Run It!,Chris Brown,Chris,12/17/2005
Gold Digger,Kanye West Featuring Jamie Foxx,Kanye,11/12/2005
We Belong Together,Mariah Carey,Mariah,9/3/2005
Inside Your Heaven,Carrie Underwood,Carrie,6/25/2005
Hollaback Girl,Gwen Stefani,Gwen,5/21/2005
Candy Shop,50 Cent Featuring Olivia,50,4/23/2005
Let Me Love You,Mario,Mario,2/19/2005
Drop It Like It's Hot,Snoop Dogg Featuring Pharrell,Snoop,12/18/2004
My Boo,Usher And Alicia Keys,Usher,11/27/2004
Goodies,Ciara Featuring Petey Pablo,Ciara,10/16/2004
Lean Back,Terror Squad,Terror,8/28/2004
Slow Motion,Juvenile Featuring Soulja Slim,Juvenile,8/7/2004
Confessions Part II,Usher,Usher,7/24/2004
Burn,Usher,Usher,7/10/2004
I Believe,Fantasia,Fantasia,7/3/2004
Yeah!,Usher Featuring Lil Jon & Ludacris,Usher,5/8/2004
Slow Jamz,Twista Featuring Kanye West & Jamie Foxx,Twista,2/14/2004
The Way You Move,OutKast Featuring Sleepy Brown,OutKast,2/7/2004
Hey Ya!,OutKast,OutKast,1/31/2004
Stand Up,Ludacris Featuring Shawnna,Ludacris,11/29/2003
Baby Boy,Beyonce Featuring Sean Paul,Beyonce,11/22/2003
Shake Ya Tailfeather,"Nelly, P. Diddy & Murphy Lee","Nelly,",9/20/2003
Crazy In Love,Beyonce Featuring Jay Z,Beyonce,8/23/2003
This Is The Night,Clay Aiken,Clay,6/28/2003
21 Questions,50 Cent Featuring Nate Dogg,50,6/14/2003
Get Busy,Sean Paul,Sean,5/17/2003
In Da Club,50 Cent,50,4/26/2003
All I Have,Jennifer Lopez Featuring LL Cool J,Jennifer,2/22/2003
"Bump, Bump, Bump",B2K & P. Diddy,B2K,1/25/2003
Lose Yourself,Eminem,Eminem,1/18/2003
Dilemma,Nelly Featuring Kelly Rowland,Nelly,10/26/2002
A Moment Like This,Kelly Clarkson,Kelly,10/5/2002
Hot In Herre,Nelly,Nelly,8/3/2002
Foolish,Ashanti,Ashanti,6/15/2002
Ain't It Funny,Jennifer Lopez Featuring Ja Rule,Jennifer,4/6/2002
Always On Time,Ja Rule Featuring Ashanti,Ja,2/23/2002
U Got It Bad,Usher,Usher,2/9/2002
How You Remind Me,Nickelback,Nickelback,1/5/2002
Family Affair,Mary J. Blige,Mary,12/1/2001
I'm Real,Jennifer Lopez Featuring Ja Rule,Jennifer,10/20/2001
Fallin',Alicia Keys,Alicia,10/6/2001
Bootylicious,Destiny's Child,Destiny's,8/4/2001
U Remind Me,Usher,Usher,7/21/2001
Lady Marmalade,"Christina Aguilera, Lil' Kim, Mya & P!nk",Christina,6/23/2001
All For You,Janet,Janet,5/19/2001
Butterfly,Crazy Town,Crazy,3/31/2001
Angel,Shaggy Featuring Rayvon,Shaggy,3/24/2001
Stutter,Joe Featuring Mystikal,Joe,3/10/2001
Ms. Jackson,OutKast,OutKast,2/10/2001
It Wasn't Me,"Shaggy Featuring Ricardo ""RikRok"" Ducent",Shaggy,2/3/2001
Independent Women Part I,Destiny's Child,Destiny's,1/20/2001
With Arms Wide Open,Creed,Creed,11/4/2000
Come On Over Baby (All I Want Is You),Christina Aguilera,Christina,10/28/2000
Music,Madonna,Madonna,9/30/2000
Doesn't Really Matter,Janet,Janet,9/2/2000
Incomplete,Sisqo,Sisqo,8/12/2000
It's Gonna Be Me,'N Sync,'N,7/29/2000
Bent,matchbox twenty,matchbox,7/15/2000
Everything You Want,Vertical Horizon,Vertical,7/8/2000
Be With You,Enrique Iglesias,Enrique,7/1/2000
Try Again,Aaliyah,Aaliyah,6/10/2000
Maria Maria,Santana Featuring The Product G&B,Santana,6/3/2000
Say My Name,Destiny's Child,Destiny's,3/25/2000
Amazed,Lonestar,Lonestar,3/4/2000
I Knew I Loved You,Savage Garden,Savage,2/19/2000
Thank God I Found You,Mariah Carey Featuring Joe & 98 Degrees,Mariah,2/12/2000
What A Girl Wants,Christina Aguilera,Christina,1/15/2000
Smooth,Santana Featuring Rob Thomas,Santana,1/1/2000
Heartbreaker,Mariah Carey Featuring Jay-Z,Mariah,10/9/1999
Unpretty,TLC,TLC,9/25/1999
Bailamos,Enrique Iglesias,Enrique,9/4/1999
Genie In A Bottle,Christina Aguilera,Christina,8/21/1999
Wild Wild West,Will Smith Featuring Dru Hill & Kool Mo Dee,Will,7/17/1999
"Bills, Bills, Bills",Destiny's Child,Destiny's,7/10/1999
If You Had My Love,Jennifer Lopez,Jennifer,7/3/1999
Livin' La Vida Loca,Ricky Martin,Ricky,5/29/1999
No Scrubs,TLC,TLC,4/24/1999
Believe,Cher,Cher,3/27/1999
Angel Of Mine,Monica,Monica,2/27/1999
...Baby One More Time,Britney Spears,Britney,1/30/1999
Have You Ever?,Brandy,Brandy,1/16/1999
I'm Your Angel,R. Kelly & Celine Dion,R.,1/2/1999
Lately,Divine,Divine,11/21/1998
Doo Wop (That Thing),Lauryn Hill,Lauryn,11/14/1998
The First Night,Monica,Monica,10/31/1998
One Week,Barenaked Ladies,Barenaked,10/10/1998
I Don't Want To Miss A Thing,Aerosmith,Steven,9/19/1998
The Boy Is Mine,Brandy & Monica,Brandy,8/22/1998
Too Close,Next,Next,5/23/1998
My All,Mariah Carey,Mariah,5/16/1998
All My Life,K-Ci & JoJo,K-Ci,4/11/1998
Gettin' Jiggy Wit It,Will Smith,Will,3/21/1998
My Heart Will Go On,Celine Dion,Celine,2/28/1998
Nice & Slow,Usher,Usher,2/14/1998
Together Again,Janet,Janet,1/31/1998
Truly Madly Deeply,Savage Garden,Savage,1/17/1998
Candle In The Wind 1997/Something About The Way You Look Tonight,Elton John,Elton,1/3/1998
4 Seasons Of Loneliness,Boyz II Men,Boyz,9/27/1997
Honey,Mariah Carey,Mariah,9/20/1997
Mo Money Mo Problems,The Notorious B.I.G. Featuring Puff Daddy & Mase,The,8/30/1997
I'll Be Missing You,Puff Daddy & Faith Evans Featuring 112,Puff,8/16/1997
MMMBop,Hanson,Hanson,5/31/1997
Hypnotize,The Notorious B.I.G.,The,5/10/1997
Can't Nobody Hold Me Down,Puff Daddy (Featuring Mase),Puff,4/19/1997
Wannabe,Spice Girls,Spice,3/8/1997
Un-Break My Heart,Toni Braxton,Toni,2/8/1997
No Diggity,BLACKstreet (Featuring Dr. Dre),BLACKstreet,11/23/1996
Macarena (Bayside Boys Mix),Los Del Rio,Los,10/26/1996
You're Makin' Me High/Let It Flow,Toni Braxton,Toni,7/20/1996
How Do U Want It/California Love,2Pac Featuring K-Ci And JoJo,2Pac,7/13/1996
Tha Crossroads,Bone Thugs-N-Harmony,Bone,6/29/1996
Always Be My Baby,Mariah Carey,Mariah,5/4/1996
"Because You Loved Me (From ""Up Close & Personal"")",Celine Dion,Celine,4/20/1996
One Sweet Day,Mariah Carey & Boyz II Men,Mariah,3/9/1996
"Exhale (Shoop Shoop) (From ""Waiting To Exhale"")",Whitney Houston,Whitney,11/18/1995
Fantasy,Mariah Carey,Mariah,11/11/1995
"Gangsta's Paradise (From ""Dangerous Minds"")",Coolio Featuring L.V.,Coolio,9/16/1995
You Are Not Alone,Michael Jackson,Michael,8/26/1995
Kiss From A Rose,Seal,Seal,8/19/1995
Waterfalls,TLC,TLC,8/12/1995
Have You Ever Really Loved A Woman?,Bryan Adams,Bryan,6/24/1995
This Is How We Do It,Montell Jordan,Montell,5/20/1995
Creep,TLC,TLC,2/11/1995
On Bended Knee,Boyz II Men,Boyz,1/14/1995
"Here Comes The Hotstepper (From ""Ready To Wear"")",Ini Kamoze,Ini,12/17/1994
I'll Make Love To You,Boyz II Men,Boyz,11/19/1994
"Stay (I Missed You) (From ""Reality Bites"")",Lisa Loeb & Nine Stories,Lisa,8/13/1994
I Swear,All-4-One,All-4-One,7/23/1994
The Sign,Ace Of Base,Ace,5/7/1994
Bump N' Grind,R. Kelly,R.,4/23/1994
The Power Of Love,Celine Dion,Celine,2/26/1994
All For Love,Bryan Adams/Rod Stewart/Sting,Bryan,1/29/1994
Hero,Mariah Carey,Mariah,1/8/1994
Again,Janet Jackson,Janet,12/11/1993
I'd Do Anything For Love (But I Won't Do That),Meat Loaf,Meat,11/27/1993
Dreamlover,Mariah Carey,Mariah,10/23/1993
"Can't Help Falling In Love (From ""Sliver"")",UB40,UB40,8/28/1993
Weak,SWV,SWV,7/10/1993
That's The Way Love Goes,Janet Jackson,Janet,6/26/1993
Freak Me,Silk,Silk,5/1/1993
Informer,Snow,Snow,4/17/1993
A Whole New World (Aladdin's Theme),Peabo Bryson & Regina Belle,Peabo,2/27/1993
I Will Always Love You,Whitney Houston,Whitney,2/20/1993
How Do You Talk To An Angel,The Heights,The,11/14/1992
"End Of The Road (From ""Boomerang"")",Boyz II Men,Boyz,10/31/1992
This Used To Be My Playground,Madonna,Madonna,8/1/1992
Baby Got Back,Sir Mix-A-Lot,Sir,7/25/1992
I'll Be There,Mariah Carey,Mariah,6/20/1992
Jump,Kris Kross,Kris,6/6/1992
Save The Best For Last,Vanessa Williams,Vanessa,4/11/1992
To Be With You,Mr. Big,Mr.,3/7/1992
I'm Too Sexy,Right Said Fred,Right,2/15/1992
Don't Let The Sun Go Down On Me,George Michael/Elton John,George,1/25/1992
All 4 Love,Color Me Badd,Color,1/18/1992
Black Or White,Michael Jackson,Michael,1/11/1992
Set Adrift On Memory Bliss,P.M. Dawn,P.M.,11/23/1991
When A Man Loves A Woman,Michael Bolton,Michael,11/16/1991
Cream,Prince And The N.P.G.,Prince,11/9/1991
Romantic,Karyn White,Karyn,10/26/1991
Emotions,Mariah Carey,Mariah,10/19/1991
Good Vibrations,Marky Mark & The Funky Bunch Featuring Loleatta Holloway,Marky,9/28/1991
I Adore Mi Amor,Color Me Badd,Color,9/21/1991
The Promise Of A New Day,Paula Abdul,Paula,9/7/1991
(Everything I Do) I Do It For You,Bryan Adams,Bryan,8/31/1991
Unbelievable,EMF,EMF,7/13/1991
Rush Rush,Paula Abdul,Paula,7/6/1991
More Than Words,Extreme,Extreme,6/1/1991
I Don't Wanna Cry,Mariah Carey,Mariah,5/25/1991
I Like The Way (The Kissing Game),Hi-Five,Hi-Five,5/11/1991
Joyride,Roxette,Roxette,5/4/1991
Baby Baby,Amy Grant,Amy,4/27/1991
You're In Love,Wilson Phillips,Wilson,4/13/1991
I've Been Thinking About You,Londonbeat,Londonbeat,4/6/1991
Coming Out Of The Dark,Gloria Estefan,Gloria,3/30/1991
One More Try,Timmy T.,Timmy,3/16/1991
Someday,Mariah Carey,Mariah,3/9/1991
All The Man That I Need,Whitney Houston,Whitney,2/23/1991
Gonna Make You Sweat (Everybody Dance Now),C+C Music Factory,C+C,2/9/1991
The First Time,Surface,Surface,1/26/1991
Love Will Never Do (Without You),Janet Jackson,Janet,1/12/1991
Justify My Love,Madonna,Madonna,1/5/1991
Because I Love You (The Postman Song),Stevie B,Stevie,12/22/1990
I'm Your Baby Tonight,Whitney Houston,Whitney,11/24/1990
Love Takes Time,Mariah Carey,Mariah,11/17/1990
Ice Ice Baby,Vanilla Ice,Vanilla,10/27/1990
Black Cat,Janet Jackson,Janet,10/20/1990
I Don't Have The Heart,James Ingram,James,10/13/1990
Praying For Time,George Michael,George,10/6/1990
Close To You,Maxi Priest,Maxi,9/29/1990
(Can't Live Without Your) Love And Affection,Nelson,Nelson,9/22/1990
Release Me,Wilson Phillips,Wilson,9/15/1990
"Blaze Of Glory (From ""Young Guns II"")",Jon Bon Jovi,Jon,9/1/1990
If Wishes Came True,Sweet Sensation,Sweet,8/25/1990
Vision Of Love,Mariah Carey,Mariah,8/18/1990
She Ain't Worth It,Glenn Medeiros Featuring Bobby Brown,Glenn,7/21/1990
Step By Step,New Kids On The Block,New,7/7/1990
"It Must Have Been Love (From ""Pretty Woman"")",Roxette,Roxette,6/16/1990
Hold On,Wilson Phillips,Wilson,6/2/1990
Vogue,Madonna,Madonna,5/26/1990
Nothing Compares 2 U,Sinead O'Connor,Sinead,5/5/1990
I'll Be Your Everything,Tommy Page,Tommy,4/7/1990
Love Will Lead You Back,Taylor Dayne,Taylor,3/31/1990
Black Velvet,Alannah Myles,Alannah,3/24/1990
Escapade,Janet Jackson,Janet,3/10/1990
Opposites Attract,Paula Abdul (Duet With The Wild Pair),Paula,2/17/1990
How Am I Supposed To Live Without You,Michael Bolton,Michael,1/27/1990
Another Day In Paradise,Phil Collins,Phil,1/6/1990
We Didn't Start The Fire,Billy Joel,Billy,12/9/1989
Blame It On The Rain,Milli Vanilli,Milli,11/25/1989
When I See You Smile,Bad English,Bad,11/11/1989
Listen To Your Heart,Roxette,Roxette,10/28/1989
Miss You Much,Janet Jackson,Janet,10/21/1989
Girl I'm Gonna Miss You,Milli Vanilli,Milli,9/23/1989
Don't Wanna Lose You,Gloria Estefan,Gloria,9/9/1989
Hangin' Tough,New Kids On The Block,New,9/2/1989
Cold Hearted,Paula Abdul,Paula,8/26/1989
Right Here Waiting,Richard Marx,Richard,8/19/1989
"Batdance (From ""Batman"")",Prince,Prince,7/29/1989
Toy Soldiers,Martika,Martika,7/22/1989
If You Don't Know Me By Now,Simply Red,Simply,7/8/1989
Good Thing,Fine Young Cannibals,Fine,7/1/1989
Baby Don't Forget My Number,Milli Vanilli,Milli,6/24/1989
Satisfied,Richard Marx,Richard,6/17/1989
I'll Be Loving You (Forever),New Kids On The Block,New,6/10/1989
"Wind Beneath My Wings (From ""Beaches"")",Bette Midler,Bette,6/3/1989
"Rock On (From ""Dream A Little Dream"")",Michael Damian,Michael,5/27/1989
Forever Your Girl,Paula Abdul,Paula,5/20/1989
I'll Be There For You,Bon Jovi,Bon,5/6/1989
Like A Prayer,Madonna,Madonna,4/29/1989
She Drives Me Crazy,Fine Young Cannibals,Fine,4/8/1989
The Look,Roxette,Roxette,4/1/1989
Eternal Flame,The Bangles,The,3/25/1989
The Living Years,Mike + The Mechanics,Mike,3/18/1989
Lost In Your Eyes,Debbie Gibson,Debbie,3/11/1989
Straight Up,Paula Abdul,Paula,2/18/1989
When I'm With You,Sheriff,Sheriff,1/28/1989
Two Hearts,Phil Collins,Phil,1/21/1989
My Prerogative,Bobby Brown,Bobby,1/7/1989
Every Rose Has Its Thorn,Poison,Poison,12/31/1988
Look Away,Chicago,Chicago,12/10/1988
"Baby, I Love Your Way/Freebird Medley",Will To Power,Will,11/26/1988
Bad Medicine,Bon Jovi,Bon,11/19/1988
"Wild, Wild West",The Escape Club,The,11/5/1988
"Kokomo (From""Cocktail"" )",The Beach Boys,Brian,10/29/1988
Groovy Kind Of Love,Phil Collins,Phil,10/22/1988
Red Red Wine,UB40,UB40,10/8/1988
Love Bites,Def Leppard,Def,10/1/1988
"Don't Worry, Be Happy (From ""Cocktail"")",Bobby McFerrin,Bobby,9/24/1988
Sweet Child O' Mine,Guns N' Roses,Guns,9/10/1988
Monkey,George Michael,George,8/27/1988
Roll With It,Steve Winwood,Steve,8/13/1988
Hold On To The Nights,Richard Marx,Richard,7/16/1988
The Flame,Cheap Trick,Cheap,7/9/1988
Dirty Diana,Michael Jackson,Michael,6/25/1988
Foolish Beat,Debbie Gibson,Debbie,6/18/1988
Together Forever,Rick Astley,Rick,6/11/1988
Anything For You,Gloria Estefan & Miami Sound Machine,Gloria,5/14/1988
Wishing Well,Terence Trent D'Arby,Terence,4/30/1988
Where Do Broken Hearts Go,Whitney Houston,Whitney,4/23/1988
"Get Outta My Dreams, Get Into My Car",Billy Ocean,Billy,4/9/1988
Man In The Mirror,Michael Jackson,Michael,3/26/1988
Never Gonna Give You Up,Rick Astley,Rick,3/12/1988
Father Figure,George Michael,George,2/27/1988
Seasons Change,Expose,Expose,2/13/1988
Could've Been,Tiffany,Tiffany,2/6/1988
Need You Tonight,INXS,INXS,1/23/1988
The Way You Make Me Feel,Michael Jackson,Michael,1/16/1988
Got My Mind Set On You,George Harrison,George,1/9/1988
So Emotional,Whitney Houston,Whitney,1/2/1988
Faith,George Michael,George,12/26/1987
Heaven Is A Place On Earth,Belinda Carlisle,Belinda,11/28/1987
(I've Had) The Time Of My Life,Bill Medley & Jennifer Warnes,Bill,11/21/1987
Mony Mony,Billy Idol,Billy,11/14/1987
I Think We're Alone Now,Tiffany,Tiffany,11/7/1987
Bad,Michael Jackson,Michael,10/24/1987
Lost In Emotion,Lisa Lisa And Cult Jam,Lisa,10/10/1987
Here I Go Again,Whitesnake,Whitesnake,10/3/1987
Didn't We Almost Have It All,Whitney Houston,Whitney,9/26/1987
I Just Can't Stop Loving You,Michael Jackson With Siedah Garrett,Michael,9/12/1987
La Bamba,Los Lobos,Los,9/5/1987
Who's That Girl,Madonna,Madonna,8/15/1987
I Still Haven't Found What I'm Looking For,U2,Bono,8/8/1987
"Shakedown (From ""Beverly Hills Cop II"")",Bob Seger,Bob,7/25/1987
Alone,Heart,Heart,7/18/1987
I Wanna Dance With Somebody (Who Loves Me),Whitney Houston,Whitney,6/27/1987
Head To Toe,Lisa Lisa And Cult Jam,Lisa,6/13/1987
Always,Atlantic Starr,Atlantic,6/6/1987
You Keep Me Hangin' On,Kim Wilde,Kim,5/30/1987
With or Without You,U2,Bono,5/23/1987
(I Just) Died In Your Arms,Cutting Crew,Cutting,5/2/1987
I Knew You Were Waiting (For Me),Aretha Franklin & George Michael,Aretha,4/18/1987
Nothing's Gonna Stop Us Now,Starship,Starship,4/4/1987
Lean On Me,Club Nouveau,Club,3/21/1987
Jacob's Ladder,Huey Lewis & The News,Huey,3/7/1987
Livin' On A Prayer,Bon Jovi,Bon,2/28/1987
Open Your Heart,Madonna,Madonna,1/31/1987
At This Moment,Billy Vera & The Beaters,Billy,1/24/1987
Shake You Down,Gregory Abbott,Gregory,1/10/1987
Walk Like An Egyptian,The Bangles,The,1/3/1987
The Way It Is,Bruce Hornsby & The Range,Bruce,12/6/1986
The Next Time I Fall,Peter Cetera With Amy Grant,Peter,11/29/1986
You Give Love A Bad Name,Bon Jovi,Bon,11/22/1986
Human,The Human League,The,11/15/1986
Amanda,Boston,Boston,11/8/1986
True Colors,Cyndi Lauper,Cyndi,10/25/1986
When I Think Of You,Janet Jackson,Janet,10/11/1986
Stuck With You,Huey Lewis & The News,Huey,9/27/1986
"Take My Breath Away (Love Theme From ""Top Gun"")",Berlin,Berlin,9/6/1986
Venus,Bananarama,Bananarama,8/30/1986
Higher Love,Steve Winwood,Steve,8/23/1986
Papa Don't Preach,Madonna,Madonna,8/16/1986
"Glory Of Love (Theme From ""The Karate Kid Part II"")",Peter Cetera,Peter,8/2/1986
Sledgehammer,Peter Gabriel,Peter,7/19/1986
Invisible Touch,Genesis,Genesis,7/12/1986
Holding Back The Years,Simply Red,Simply,7/5/1986
There'll Be Sad Songs (To Make You Cry),Billy Ocean,Billy,6/28/1986
On My Own,Patti LaBelle & Michael McDonald,Patti,6/21/1986
Live To Tell,Madonna,Madonna,5/31/1986
Greatest Love Of All,Whitney Houston,Whitney,5/24/1986
West End Girls,Pet Shop Boys,Pet,5/3/1986
Addicted To Love,Robert Palmer,Robert,4/26/1986
Kiss,Prince And The Revolution,Prince,4/19/1986
Rock Me Amadeus,Falco,Falco,4/5/1986
These Dreams,Heart,Heart,3/15/1986
Sara,Starship,Starship,3/8/1986
Kyrie,Mr. Mister,Mr.,3/1/1986
How Will I Know,Whitney Houston,Whitney,2/15/1986
That's What Friends Are For,Dionne & Friends,Dionne,2/1/1986
"Say You, Say Me",Lionel Richie,Lionel,1/4/1986
Broken Wings,Mr. Mister,Mr.,12/7/1985
Separate Lives,Phil Collins and Marilyn Martin,Phil,11/23/1985
We Built This City,Starship,Starship,11/16/1985
Miami Vice Theme,Jan Hammer,Jan,11/2/1985
Part-Time Lover,Stevie Wonder,Stevie,10/26/1985
Saving All My Love For You,Whitney Houston,Whitney,10/19/1985
Take On Me,a-ha,a-ha,10/12/1985
Oh Sheila,Ready For The World,Ready,10/5/1985
Money For Nothing,Dire Straits,Dire,9/28/1985
St. Elmo's Fire (Man In Motion),John Parr,John,9/7/1985
Shout,Tears For Fears,Tears,8/10/1985
Everytime You Go Away,Paul Young,Paul,7/20/1985
A View To A Kill,Duran Duran,Duran,7/13/1985
Sussudio,Phil Collins,Phil,6/29/1985
Heaven,Bryan Adams,Bryan,6/22/1985
Everybody Wants To Rule The World,Tears For Fears,Tears,6/8/1985
Everything She Wants,Wham!,Wham!,5/25/1985
Don't You (Forget About Me),Simple Minds,Simple,5/11/1985
Crazy For You,Madonna,Madonna,5/4/1985
We Are The World,USA For Africa,USA,4/27/1985
Can't Fight This Feeling,REO Speedwagon,REO,3/16/1985
Careless Whisper,Wham! Featuring George Michael,Wham!,2/23/1985
I Want To Know What Love Is,Foreigner,Foreigner,2/2/1985
Like A Virgin,Madonna,Madonna,1/19/1985
Out Of Touch,Daryl Hall John Oates,Daryl,12/8/1984
Wake Me Up Before You Go-Go,Wham!,Wham!,11/24/1984
Caribbean Queen (No More Love On The Run),Billy Ocean,Billy,11/3/1984
I Just Called To Say I Love You,Stevie Wonder,Stevie,10/20/1984
Let's Go Crazy,Prince And The Revolution,Prince,9/29/1984
Missing You,John Waite,John,9/15/1984
What's Love Got To Do With It,Tina Turner,Tina,9/8/1984
Ghostbusters,Ray Parker Jr.,Ray,8/18/1984
When Doves Cry,Prince,Prince,7/28/1984
The Reflex,Duran Duran,Duran,6/23/1984
Time After Time,Cyndi Lauper,Cyndi,6/9/1984
Let's Hear It For The Boy,Deniece Williams,Deniece,5/26/1984
Against All Odds (Take A Look At Me Now),Phil Collins,Phil,4/28/1984
Footloose,Kenny Loggins,Kenny,4/7/1984
Karma Chameleon,Culture Club,Culture,2/11/1984
Owner Of A Lonely Heart,Yes,Yes,1/21/1984
Say Say Say,Paul McCartney And Michael Jackson,Paul,1/7/1984
All Night Long (All Night),Lionel Richie,Lionel,11/26/1983
Islands In The Stream,Kenny Rogers Duet With Dolly Parton,Kenny,10/29/1983
Total Eclipse Of The Heart,Bonnie Tyler,Bonnie,10/15/1983
Tell Her About It,Billy Joel,Billy,9/17/1983
Maniac,Michael Sembello,Michael,9/10/1983
Sweet Dreams (Are Made Of This),Eurythmics,Eurythmics,8/27/1983
Every Breath You Take,The Police,Sting,8/20/1983
Flashdance...What A Feeling,Irene Cara,Irene,6/25/1983
Let's Dance,David Bowie,David,5/14/1983
Beat It,Michael Jackson,Michael,5/7/1983
Come On Eileen,Dexy's Midnight Runners,Dexy's,4/16/1983
Billie Jean,Michael Jackson,Michael,4/9/1983
"Baby, Come To Me",Patti Austin A Duet With James Ingram,Patti,2/19/1983
Down Under,Men At Work,Men,2/5/1983
Africa,Toto,Toto,1/29/1983
Maneater,Daryl Hall John Oates,Daryl,1/1/1983
Mickey,Toni Basil,Toni,12/4/1982
Truly,Lionel Richie,Lionel,11/27/1982
Up Where We Belong,Joe Cocker And Jennifer Warnes,Joe,11/13/1982
Who Can It Be Now?,Men At Work,Men,10/23/1982
Jack & Diane,John Cougar,John,10/16/1982
Abracadabra,The Steve Miller Band,The,9/18/1982
Hard To Say I'm Sorry,Chicago,Chicago,9/11/1982
Eye Of The Tiger,Survivor,Survivor,8/21/1982
Don't You Want Me,The Human League,The,7/10/1982
Ebony And Ivory,Paul McCartney And Stevie Wonder,Paul,6/19/1982
Chariots Of Fire - Titles,Vangelis,Vangelis,5/1/1982
I Love Rock 'N Roll,Joan Jett & the Blackhearts,Joan,4/24/1982
Centerfold,The J. Geils Band,The,3/6/1982
I Can't Go For That (No Can Do),Daryl Hall John Oates,Daryl,1/23/1982
Physical,Olivia Newton-John,Olivia,1/16/1982
Private Eyes,Daryl Hall John Oates,Daryl,11/7/1981
Arthur's Theme (Best That You Can Do),Christopher Cross,Christopher,10/24/1981
Endless Love,Diana Ross & Lionel Richie,Diana,10/3/1981
Jessie's Girl,Rick Springfield,Rick,8/1/1981
The One That You Love,Air Supply,Air,7/18/1981
Bette Davis Eyes,Kim Carnes,Kim,7/11/1981
Medley,Stars On 45,Stars,6/13/1981
Morning Train (Nine To Five),Sheena Easton,Sheena,5/2/1981
Kiss On My List,Daryl Hall John Oates,Daryl,4/18/1981
Rapture,Blondie,Blondie,3/28/1981
Keep On Loving You,REO Speedwagon,REO,3/14/1981
9 To 5,Dolly Parton,Dolly,3/7/1981
I Love A Rainy Night,Eddie Rabbitt,Eddie,2/28/1981
Celebration,Kool & The Gang,Kool,2/7/1981
The Tide Is High,Blondie,Blondie,1/24/1981
(Just Like) Starting Over,John Lennon,John,1/17/1981
Lady,Kenny Rogers,Kenny,12/13/1980
Woman In Love,Barbra Streisand,Barbra,11/1/1980
Another One Bites The Dust,Queen,Freddie,10/11/1980
Upside Down,Diana Ross,Diana,9/20/1980
Sailing,Christopher Cross,Christopher,8/23/1980
Magic,Olivia Newton-John,Olivia,8/16/1980
It's Still Rock And Roll To Me,Billy Joel,Billy,7/19/1980
Coming Up (Live At Glasgow),Paul McCartney And Wings,Paul,7/5/1980
Funkytown,"Lipps, Inc.","Lipps,",6/14/1980
Call Me,Blondie,Blondie,5/17/1980
Another Brick In The Wall (Part II),Pink Floyd,Roger,4/5/1980
Crazy Little Thing Called Love,Queen,Freddie,3/8/1980
Do That To Me One More Time,Captain & Tennille,Captain,2/9/1980
Rock With You,Michael Jackson,Michael,2/2/1980
Escape (The Pina Colada Song),Rupert Holmes,Rupert,1/5/1980
Please Don't Go,KC And The Sunshine Band,KC,12/29/1979
Babe,Styx,Styx,12/8/1979
No More Tears (Enough Is Enough),Barbra Streisand/Donna Summer,Barbra,11/24/1979
Still,Commodores,Commodores,11/10/1979
Heartache Tonight,Eagles,Eagles,11/3/1979
Pop Muzik,M,M,10/27/1979
Rise,Herb Alpert,Herb,10/20/1979
Don't Stop 'til You Get Enough,Michael Jackson,Michael,10/6/1979
Sad Eyes,Robert John,Robert,9/29/1979
My Sharona,The Knack,The,9/22/1979
Good Times,Chic,Chic,8/11/1979
Bad Girls,Donna Summer,Donna,8/4/1979
Ring My Bell,Anita Ward,Anita,6/30/1979
Hot Stuff,Donna Summer,Donna,6/16/1979
Love You Inside Out,Bee Gees,Barry,6/2/1979
Love You Inside Out,Bee Gees,Robin,6/2/1979
Love You Inside Out,Bee Gees,Maurice,6/2/1979
Reunited,Peaches & Herb,Peaches,5/19/1979
Heart Of Glass,Blondie,Blondie,4/21/1979
Knock On Wood,Amii Stewart,Amii,4/14/1979
What A Fool Believes,The Doobie Brothers,The,4/7/1979
I Will Survive,Gloria Gaynor,Gloria,3/31/1979
Tragedy,Bee Gees,Barry,3/24/1979
Tragedy,Bee Gees,Robin,3/24/1979
Tragedy,Bee Gees,Maurice,3/24/1979
Da Ya Think I'm Sexy?,Rod Stewart,Rod,2/24/1979
Le Freak,Chic,Chic,1/27/1979
Too Much Heaven,Bee Gees,Barry,1/6/1979
Too Much Heaven,Bee Gees,Robin,1/6/1979
Too Much Heaven,Bee Gees,Maurice,1/6/1979
You Don't Bring Me Flowers,Barbra Streisand & Neil Diamond,Barbra,12/9/1978
MacArthur Park,Donna Summer,Donna,11/18/1978
You Needed Me,Anne Murray,Anne,10/28/1978
Hot Child In The City,Nick Gilder,Nick,10/21/1978
Kiss You All Over,Exile,Exile,10/14/1978
Boogie Oogie Oogie,A Taste Of Honey,A,9/16/1978
Grease,Frankie Valli,Frankie,8/26/1978
Three Times A Lady,Commodores,Commodores,8/12/1978
Miss You,The Rolling Stones,Mick,7/29/1978
Shadow Dancing,Andy Gibb,Andy,7/22/1978
You're The One That I Want,John Travolta & Olivia Newton-John,John,6/3/1978
"Too Much, Too Little, Too Late",Johnny Mathis/Deniece Williams,Johnny,5/27/1978
With A Little Luck,Wings,Wings,5/20/1978
If I Can't Have You,Yvonne Elliman,Yvonne,5/6/1978
Night Fever,Bee Gees,Barry,4/29/1978
Night Fever,Bee Gees,Robin,4/29/1978
Night Fever,Bee Gees,Maurice,4/29/1978
(Love Is) Thicker Than Water,Andy Gibb,Andy,3/4/1978
Stayin' Alive,Bee Gees,Barry,2/18/1978
Stayin' Alive,Bee Gees,Robin,2/18/1978
Stayin' Alive,Bee Gees,Maurice,2/18/1978
Baby Come Back,Player,Player,1/21/1978
How Deep Is Your Love,Bee Gees,Barry,12/31/1977
How Deep Is Your Love,Bee Gees,Robin,12/31/1977
How Deep Is Your Love,Bee Gees,Maurice,12/31/1977
You Light Up My Life,Debby Boone,Debby,12/10/1977
Star Wars Theme/Cantina Band,Meco,Meco,10/1/1977
Best Of My Love,The Emotions,The,9/17/1977
I Just Want To Be Your Everything,Andy Gibb,Andy,9/10/1977
Looks Like We Made It,Barry Manilow,Barry,7/16/1977
Da Doo Ron Ron,Shaun Cassidy,Shaun,7/9/1977
Undercover Angel,Alan O'Day,Alan,7/2/1977
Gonna Fly Now,Bill Conti,Bill,6/25/1977
Got To Give It Up (Pt. I),Marvin Gaye,Marvin,6/18/1977
Dreams,Fleetwood Mac,Fleetwood,6/11/1977
I'm Your Boogie Man,KC And The Sunshine Band,KC,6/4/1977
Sir Duke,Stevie Wonder,Stevie,5/28/1977
When I Need You,Leo Sayer,Leo,5/7/1977
Hotel California,Eagles,Eagles,4/30/1977
Southern Nights,Glen Campbell,Glen,4/23/1977
Don't Leave Me This Way,Thelma Houston,Thelma,4/16/1977
Don't Give Up On Us,David Soul,David,4/9/1977
Dancing Queen,ABBA,ABBA,4/2/1977
Rich Girl,Daryl Hall John Oates,Daryl,3/26/1977
"Evergreen (Love Theme From ""A Star Is Born"")",Barbra Streisand,Barbra,3/12/1977
New Kid In Town,Eagles,Eagles,2/19/1977
Blinded By The Light,Manfred Mann's Earth Band,Manfred,2/12/1977
Torn Between Two Lovers,Mary Macgregor,Mary,2/5/1977
Car Wash,Rose Royce,Rose,1/22/1977
I Wish,Stevie Wonder,Stevie,1/15/1977
You Make Me Feel Like Dancing,Leo Sayer,Leo,1/8/1977
You Don't Have To Be A Star (To Be In My Show),"Marilyn McCoo & Billy Davis, Jr.",Marilyn,1/1/1977
Tonight's The Night (Gonna Be Alright),Rod Stewart,Rod,12/25/1976
Rock'n Me,Steve Miller,Steve,10/30/1976
If You Leave Me Now,Chicago,Chicago,10/23/1976
Disco Duck (Part I),Rick Dees & His Cast Of Idiots,Rick,10/9/1976
A Fifth Of Beethoven,Walter Murphy & The Big Apple Band,Walter,10/2/1976
Play That Funky Music,Wild Cherry,Wild,9/25/1976
"(Shake, Shake, Shake) Shake Your Booty",KC And The Sunshine Band,KC,9/4/1976
You Should Be Dancing,Bee Gees,Barry,8/28/1976
You Should Be Dancing,Bee Gees,Robin,8/28/1976
You Should Be Dancing,Bee Gees,Maurice,8/28/1976
Don't Go Breaking My Heart,Elton John & Kiki Dee,Elton,8/21/1976
Kiss And Say Goodbye,The Manhattans,The,7/24/1976
Afternoon Delight,Starland Vocal Band,Starland,7/10/1976
Silly Love Songs,Wings,Wings,6/26/1976
Love Hangover,Diana Ross,Diana,5/29/1976
Boogie Fever,The Sylvers,The,5/8/1976
Welcome Back,John Sebastian,John,5/1/1976
Let Your Love Flow,Bellamy Brothers,Bellamy,4/24/1976
Disco Lady,Johnnie Taylor,Johnnie,4/17/1976
"December, 1963 (Oh, What a Night)",The 4 Seasons,The,3/20/1976
Love Machine (Part 1),The Miracles,The,2/28/1976
Theme From S.W.A.T.,Rhythm Heritage,Rhythm,2/21/1976
50 Ways To Leave Your Lover,Paul Simon,Paul,2/14/1976
Love Rollercoaster,Ohio Players,Ohio,1/24/1976
Theme From Mahogany (Do You Know Where You're Going To),Diana Ross,Diana,1/17/1976
I Write The Songs,Barry Manilow,Barry,1/10/1976
Convoy,C.W. McCall,C.W.,1/3/1976
Saturday Night,Bay City Rollers,Bay,12/27/1975
Let's Do It Again,The Staple Singers,The,12/20/1975
That's The Way (I Like It),KC And The Sunshine Band,KC,12/13/1975
"Fly, Robin, Fly",Silver Convention,Silver,12/6/1975
Island Girl,Elton John,Elton,11/8/1975
Fame,David Bowie,David,9/27/1975
I'm Sorry,John Denver,John,9/20/1975
Rhinestone Cowboy,Glen Campbell,Glen,9/6/1975
Get Down Tonight,KC And The Sunshine Band,KC,8/23/1975
Fallin' In Love,"Hamilton, Joe Frank & Reynolds","Hamilton,",8/16/1975
Jive Talkin',Bee Gees,Barry,8/9/1975
Jive Talkin',Bee Gees,Robin,8/9/1975
Jive Talkin',Bee Gees,Maurice,8/9/1975
One Of These Nights,Eagles,Eagles,7/26/1975
The Hustle,Van McCoy And The Soul City Symphony,Van,7/19/1975
Listen To What The Man Said,Wings,Wings,7/12/1975
Love Will Keep Us Together,Captain & Tennille,Captain,7/5/1975
Sister Golden Hair,America,America,6/7/1975
Thank God I'm A Country Boy,John Denver,John,5/31/1975
Before The Next Teardrop Falls,Freddy Fender,Freddy,5/24/1975
Shining Star,"Earth, Wind & Fire","Earth,",5/17/1975
He Don't Love You (Like I Love You),Tony Orlando & Dawn,Tony,5/10/1975
(Hey Won't You Play) Another Somebody Done Somebody Wrong Song,B.J. Thomas,B.J.,4/19/1975
Philadelphia Freedom,The Elton John Band,The,4/12/1975
Lovin' You,Minnie Riperton,Minnie,3/29/1975
My Eyes Adored You,Frankie Valli,Frankie,3/15/1975
Black Water,The Doobie Brothers,The,3/8/1975
Have You Never Been Mellow,Olivia Newton-John,Olivia,3/1/1975
Pick Up The Pieces,AWB,AWB,2/15/1975
You're No Good,Linda Ronstadt,Linda,2/8/1975
Fire,Ohio Players,Ohio,2/1/1975
Laughter In The Rain,Neil Sedaka,Neil,1/25/1975
Please Mr. Postman,Carpenters,Carpenters,1/18/1975
Mandy,Barry Manilow,Barry,1/11/1975
Lucy In The Sky With Diamonds,Elton John,Elton,1/4/1975
Angie Baby,Helen Reddy,Helen,12/21/1974
Cat's In The Cradle,Harry Chapin,Harry,12/14/1974
Kung Fu Fighting,Carl Douglas,Carl,12/7/1974
I Can Help,Billy Swan,Billy,11/23/1974
Whatever Gets You Thru The Night,John Lennon With The Plastic Ono Nuclear Band,John,11/9/1974
You Ain't Seen Nothing Yet/Free Wheelin',Bachman-Turner Overdrive,Bachman-Turner,11/2/1974
You Haven't Done Nothin,Stevie Wonder,Stevie,10/26/1974
Then Came You,Dionne Warwicke & Spinners,Dionne,10/19/1974
Nothing From Nothing,Billy Preston,Billy,10/12/1974
I Honestly Love You,Olivia Newton-John,Olivia,10/5/1974
Rock Me Gently,Andy Kim,Andy,9/21/1974
"Can't Get Enough Of Your Love, Babe",Barry White,Barry,9/14/1974
I Shot The Sheriff,Eric Clapton,Eric,9/7/1974
(You're) Having My Baby,Paul Anka with Odia Coates,Paul,8/31/1974
The Night Chicago Died,Paper Lace,Paper,8/10/1974
Feel Like Makin' Love,Roberta Flack,Roberta,8/3/1974
ANNIE's SONG,John Denver,John,7/27/1974
Rock Your Baby,George McCrae,George,7/13/1974
Rock The Boat,The Hues Corporation,The,6/29/1974
Sundown,Gordon Lightfoot,Gordon,6/22/1974
"Billy, Don't Be A Hero",Bo Donaldson And The Heywoods,Bo,6/15/1974
Band On The Run,Paul McCartney And Wings,Paul,6/1/1974
The Streak,Ray Stevens,Ray,5/25/1974
The Loco-Motion,Grand Funk,Grand,5/4/1974
TSOP (The Sound Of Philadelphia),MFSB Featuring The Three Degrees,MFSB,4/20/1974
Bennie And The Jets,Elton John,Elton,4/6/1974
Hooked On A Feeling,Blue Swede,Blue,3/30/1974
Sunshine On My Shoulders,John Denver,John,3/23/1974
Dark Lady,Cher,Cher,3/16/1974
Seasons In The Sun,Terry Jacks,Terry,3/9/1974
The Way We Were,Barbra Streisand,Barbra,2/16/1974
Love's Theme,Love Unlimited Orchestra,Love,2/2/1974
You're Sixteen,Ringo Starr,Ringo,1/19/1974
Show And Tell,Al Wilson,Al,1/12/1974
The Joker,The Steve Miller Band,The,1/5/1974
Time In A Bottle,Jim Croce,Jim,12/29/1973
The Most Beautiful Girl,Charlie Rich,Charlie,12/15/1973
Top Of The World,Carpenters,Carpenters,12/1/1973
Photograph,Ringo Starr,Ringo,11/17/1973
Keep On Truckin' (Part 1),Eddie Kendricks,Eddie,11/10/1973
Midnight Train To Georgia,Gladys Knight And The Pips,Gladys,10/27/1973
Angie,The Rolling Stones,Mick,10/13/1973
Half-Breed,Cher,Cher,10/6/1973
We're An American Band,Grand Funk,Grand,9/22/1973
Let's Get It On,Marvin Gaye,Marvin,9/15/1973
Delta Dawn,Helen Reddy,Helen,9/8/1973
Brother Louie,Stories,Stories,8/25/1973
Touch Me In The Morning,Diana Ross,Diana,8/11/1973
The Morning After,Maureen McGovern,Maureen,8/4/1973
"Bad, Bad Leroy Brown",Jim Croce,Jim,7/21/1973
Will It Go Round In Circles,Billy Preston,Billy,7/7/1973
Give Me Love - (Give Me Peace On Earth),George Harrison,George,6/23/1973
Frankenstein,Edgar Winter Group,Edgar,5/19/1973
You Are The Sunshine Of My Life,Stevie Wonder,Stevie,5/12/1973
Tie A Yellow Ribbon Round The Ole Oak Tree,Dawn Featuring Tony Orlando,Dawn,5/5/1973
The Night The Lights Went Out In Georgia,Vicki Lawrence,Vicki,4/7/1973
Killing Me Softly With His Song,Roberta Flack,Roberta,3/24/1973
Love Train,The O'Jays,The,3/17/1973
Crocodile Rock,Elton John,Elton,2/10/1973
Superstition,Stevie Wonder,Stevie,1/20/1973
You're So Vain,Carly Simon,Carly,1/13/1973
Me And Mrs. Jones,Billy Paul,Billy,12/23/1972
I Am Woman,Helen Reddy,Helen,12/2/1972
Papa Was A Rollin' Stone,The Temptations,Otis,11/25/1972
I Can See Clearly Now,Johnny Nash,Johnny,11/18/1972
My Ding-A-Ling,Chuck Berry,Chuck,10/21/1972
Ben,Michael Jackson,Michael,10/7/1972
Baby Don't Get Hooked On Me,Mac Davis,Mac,9/30/1972
Black & White,Three Dog Night,Three,9/9/1972
Alone Again (Naturally),Gilbert O'Sullivan,Gilbert,9/2/1972
Brandy (You're A Fine Girl),Looking Glass,Looking,8/19/1972
Song Sung Blue,Neil Diamond,Neil,6/24/1972
The Candy Man,"Sammy Davis, Jr. with The Mike Curb Congregation",Sammy,6/17/1972
I'll Take You There,The Staple Singers,The,5/27/1972
Oh Girl,The Chi-lites,The,5/20/1972
The First Time Ever I Saw Your Face,Roberta Flack,Roberta,5/13/1972
A Horse With No Name,America,America,4/1/1972
Heart Of Gold,Neil Young,Neil,3/11/1972
Without You,Nilsson,Nilsson,3/4/1972
Let's Stay Together,Al Green,Al,2/5/1972
American Pie (Parts I & II),Don McLean,Don,1/29/1972
Brand New Key,Melanie,Melanie,1/1/1972
Theme From Shaft,Isaac Hayes,Isaac,11/20/1971
"Gypsys, Tramps & Thieves",Cher,Cher,11/6/1971
Maggie May/Reason To Believe,Rod Stewart,Rod,10/23/1971
Go Away Little Girl,Donny Osmond,Donny,9/18/1971
Uncle Albert/Admiral Halsey,Paul & Linda McCartney,Paul,8/28/1971
How Can You Mend A Broken Heart,Bee Gees,Barry,8/21/1971
How Can You Mend A Broken Heart,Bee Gees,Robin,8/21/1971
How Can You Mend A Broken Heart,Bee Gees,Maurice,8/21/1971
You've Got A Friend,James Taylor,James,7/24/1971
Indian Reservation (The Lament Of The Cherokee Reservation Indian),The Raiders,The,7/17/1971
It's Too Late/I Feel The Earth Move,Carole King,Carole,7/10/1971
Want Ads,The Honey Cone,The,6/5/1971
Brown Sugar,The Rolling Stones,Mick,5/29/1971
Joy To The World,Three Dog Night,Three,5/15/1971
Just My Imagination (Running Away With Me),The Temptations,Otis,4/3/1971
Me And Bobby McGee,Janis Joplin,Janis,3/20/1971
One Bad Apple,The Osmonds,The,3/6/1971
Knock Three Times,Dawn,Dawn,1/30/1971
My Sweet Lord/Isn't It A Pity,George Harrison,George,1/9/1971
The Tears Of A Clown,Smokey Robinson & The Miracles,Smokey,12/12/1970
I Think I Love You,The Partridge Family Starring Shirley Jones Featuring David Cassidy,The,11/28/1970
Cracklin' Rosie,Neil Diamond,Neil,10/3/1970
Ain't No Mountain High Enough,Diana Ross,Diana,9/26/1970
War,Edwin Starr,Edwin,9/5/1970
Make It With You,Bread,Bread,8/15/1970
(They Long To Be) Close To You,Carpenters,Carpenters,8/8/1970
Mama Told Me (Not To Come),Three Dog Night,Three,7/11/1970
The Love You Save/I Found That Girl,Jackson 5,Jackson,6/27/1970
The Long And Winding Road/For You Blue,The Beatles,John,6/13/1970
The Long And Winding Road/For You Blue,The Beatles,Paul,6/13/1970
The Long And Winding Road/For You Blue,The Beatles,George,6/13/1970
The Long And Winding Road/For You Blue,The Beatles,Ringo,6/13/1970
Everything Is Beautiful,Ray Stevens,Ray,5/30/1970
American Woman/No Sugar Tonight,The Guess Who,The,5/16/1970
ABC,Jackson 5,Jackson,4/25/1970
Let It Be,The Beatles,John,4/11/1970
Let It Be,The Beatles,Paul,4/11/1970
Let It Be,The Beatles,George,4/11/1970
Let It Be,The Beatles,Ringo,4/11/1970
Bridge Over Troubled Water,Simon & Garfunkel,Simon,3/28/1970
Thank You Falettinme Be Mice Elf Agin/Everybody Is A Star,Sly & The Family Stone,Sly,2/14/1970
I Want You Back,Jackson 5,Jackson,1/24/1970
Raindrops Keep Fallin' On My Head,B.J. Thomas,B.J.,1/17/1970
Someday We'll Be Together,Diana Ross & The Supremes,Diana,12/20/1969
Leaving On A Jet Plane,"Peter, Paul & Mary","Peter,",12/13/1969
Na Na Hey Hey Kiss Him Goodbye,Steam,Steam,12/6/1969
Come Together/Something,The Beatles,John,11/22/1969
Come Together/Something,The Beatles,Paul ,11/22/1969
Come Together/Something,The Beatles,George,11/22/1969
Come Together/Something,The Beatles,Ringo,11/22/1969
Wedding Bell Blues,The 5th Dimension,The,11/15/1969
Suspicious Minds,Elvis Presley,Elvis,10/25/1969
I Can't Get Next To You,The Temptations,Otis,10/18/1969
"Sugar, Sugar",The Archies,The,10/4/1969
Honky Tonk Women,The Rolling Stones,Mick,9/6/1969
In The Year 2525,Zager & Evans,Zager,8/9/1969
Love Theme From Romeo & Juliet,Henry Mancini And His Orchestra,Henry,6/28/1969
Get Back,The Beatles With Billy Preston,John,6/14/1969
Get Back,The Beatles With Billy Preston,Paul,6/14/1969
Get Back,The Beatles With Billy Preston,George,6/14/1969
Get Back,The Beatles With Billy Preston,Ringo,6/14/1969
Aquarius/Let The Sunshine In,The 5th Dimension,The,5/10/1969
Dizzy,Tommy Roe,Tommy,3/29/1969
Everyday People,Sly & The Family Stone,Sly,3/1/1969
Crimson And Clover,Tommy James And The Shondells,Tommy,2/1/1969
I Heard It Through The Grapevine,Marvin Gaye,Marvin,1/18/1969
Love Child,Diana Ross & The Supremes,Diana,11/30/1968
Hey Jude,The Beatles,John,11/16/1968
Hey Jude,The Beatles,Paul,11/16/1968
Hey Jude,The Beatles,George,11/16/1968
Hey Jude,The Beatles,Ringo,11/16/1968
Harper Valley P.T.A.,Jeannie C. Riley,Jeannie,9/14/1968
People Got To Be Free,The Rascals,The,9/7/1968
"Hello, I Love You",The Doors,Jim,8/3/1968
Grazing In The Grass,Hugh Masekela,Hugh,7/20/1968
This Guy's In Love With You,Herb Alpert,Herb,7/6/1968
Mrs. Robinson,Simon & Garfunkel,Simon,6/8/1968
Tighten Up,Archie Bell & The Drells,Archie,5/18/1968
(Sittin' On) The Dock Of The Bay,Otis Redding,Otis,3/30/1968
Love Is Blue (L'amour Est Bleu),Paul Mauriat And His Orchestra,Paul,3/2/1968
Green Tambourine,The Lemon Pipers,The,1/27/1968
Judy In Disguise (With Glasses),John Fred And The Playboys,John,1/20/1968
Hello Goodbye,The Beatles,John,1/6/1968
Hello Goodbye,The Beatles,Paul,1/6/1968
Hello Goodbye,The Beatles,George,1/6/1968
Hello Goodbye,The Beatles,Ringo,1/6/1968
Daydream Believer,The Monkees,The,12/16/1967
Incense And Peppermints,Strawberry Alarm Clock,Strawberry,11/18/1967
To Sir With Love,Lulu,Lulu,11/11/1967
The Letter,The Box Tops,The,10/7/1967
Ode To Billie Joe,Bobbie Gentry,Bobbie,9/9/1967
All You Need Is Love,The Beatles,John,8/12/1967
All You Need Is Love,The Beatles,Paul,8/12/1967
All You Need Is Love,The Beatles,George,8/12/1967
All You Need Is Love,The Beatles,Ringo,8/12/1967
Light My Fire,The Doors,Jim,8/5/1967
Windy,The Association,The,7/15/1967
Groovin',The Young Rascals,The,6/17/1967
Respect,Aretha Franklin,Aretha,6/3/1967
The Happening,The Supremes,The,5/6/1967
Somethin' Stupid,Nancy Sinatra & Frank Sinatra,Nancy,4/29/1967
Happy Together,The Turtles,The,4/1/1967
Penny Lane,The Beatles,John,3/11/1967
Penny Lane,The Beatles,Paul,3/11/1967
Penny Lane,The Beatles,George,3/11/1967
Penny Lane,The Beatles,Ringo,3/11/1967
Love Is Here And Now You're Gone,The Supremes,The,3/4/1967
Ruby Tuesday,The Rolling Stones,Mick,2/25/1967
Kind Of A Drag,The Buckinghams,The,2/18/1967
I'm A Believer,The Monkees,The,2/4/1967
Winchester Cathedral,The New Vaudeville Band,The,12/17/1966
Poor Side Of Town,Johnny Rivers,Johnny,11/5/1966
Last Train To Clarksville,The Monkees,The,10/29/1966
96 Tears,? (Question Mark) & The Mysterians,?,10/22/1966
Reach Out I'll Be There,Four Tops,Four,10/15/1966
Cherish,The Association,The,10/1/1966
You Can't Hurry Love,The Supremes,The,9/10/1966
Sunshine Superman,Donovan,Donovan,8/27/1966
Summer In The City,The Lovin' Spoonful,The,8/20/1966
Wild Thing,The Troggs,The,7/30/1966
Hanky Panky,Tommy James And The Shondells,Tommy,7/16/1966
Paperback Writer,The Beatles,John,7/2/1966
Paperback Writer,The Beatles,Paul,7/2/1966
Paperback Writer,The Beatles,George,7/2/1966
Paperback Writer,The Beatles,Ringo,7/2/1966
Strangers In The Night,Frank Sinatra,Frank,6/25/1966
"Paint It, Black",The Rolling Stones,Mick,6/11/1966
"Monday, Monday",The Mamas & The Papas,The,5/14/1966
Good Lovin',The Young Rascals,The,4/23/1966
(You're My) Soul And Inspiration,The Righteous Brothers,The,4/16/1966
The Ballad Of The Green Berets,SSgt Barry Sadler,SSgt,3/26/1966
These Boots Are Made For Walkin',Nancy Sinatra,Nancy,2/19/1966
Lightnin' Strikes,Lou Christie,Lou,2/12/1966
We Can Work It Out,The Beatles,John,1/22/1966
We Can Work It Out,The Beatles,Paul,1/22/1966
We Can Work It Out,The Beatles,George,1/22/1966
We Can Work It Out,The Beatles,Ringo,1/22/1966
The Sound Of Silence,Simon & Garfunkel,Simon,1/15/1966
Over And Over,The Dave Clark Five,The,12/18/1965
Turn! Turn! Turn! (To Everything There Is A Season),The Byrds,The,12/11/1965
I Hear A Symphony,The Supremes,The,11/20/1965
Get Off Of My Cloud,The Rolling Stones,Mick,11/6/1965
Yesterday,The Beatles,John,10/23/1965
Yesterday,The Beatles,Paul,10/23/1965
Yesterday,The Beatles,George,10/23/1965
Yesterday,The Beatles,Ringo,10/23/1965
Hang On Sloopy,The McCoys,The,9/25/1965
Eve Of Destruction,Barry McGuire,Barry,9/18/1965
Help!,The Beatles,John,9/11/1965
Help!,The Beatles,Paul,9/11/1965
Help!,The Beatles,George,9/11/1965
Help!,The Beatles,Ringo,9/11/1965
I Got You Babe,Sonny & Cher,Sonny,8/21/1965
"I'm Henry VIII, I Am",Herman's Hermits,Herman's,7/31/1965
(I Can't Get No) Satisfaction,The Rolling Stones,Mick,7/24/1965
I Can't Help Myself (Sugar Pie Honey Bunch),Four Tops,Four,6/26/1965
Mr. Tambourine Man,The Byrds,The,6/19/1965
Back In My Arms Again,The Supremes,The,6/5/1965
"Help Me, Rhonda",The Beach Boys,Brian,5/29/1965
Ticket To Ride,The Beatles,John,5/15/1965
Ticket To Ride,The Beatles,Paul,5/15/1965
Ticket To Ride,The Beatles,George,5/15/1965
Ticket To Ride,The Beatles,Ringo,5/15/1965
Mrs. Brown You've Got A Lovely Daughter,Herman's Hermits,Herman's,5/8/1965
Game Of Love,Wayne Fontana & The Mindbenders,Wayne,4/17/1965
I'm Telling You Now,Freddie And The Dreamers,Freddie,4/10/1965
Stop! In The Name Of Love,The Supremes,The,3/27/1965
Eight Days A Week,The Beatles,John,3/13/1965
Eight Days A Week,The Beatles,Paul,3/13/1965
Eight Days A Week,The Beatles,George,3/13/1965
Eight Days A Week,The Beatles,Ringo,3/13/1965
My Girl,The Temptations,Otis,2/27/1965
This Diamond Ring,Gary Lewis And The Playboys,Gary,2/20/1965
You've Lost That Lovin' Feelin',The Righteous Brothers,The,2/6/1965
Downtown,Petula Clark,Petula,1/23/1965
Come See About Me,The Supremes,The,1/9/1965
I Feel Fine,The Beatles,John,1/2/1965
I Feel Fine,The Beatles,Paul,1/2/1965
I Feel Fine,The Beatles,George,1/2/1965
I Feel Fine,The Beatles,Ringo,1/2/1965
Mr. Lonely,Bobby Vinton,Bobby,12/5/1964
Ringo,Lorne Greene,Lorne,11/28/1964
Leader Of The Pack,The Shangri-Las,The,11/21/1964
Baby Love,The Supremes,The,11/14/1964
Do Wah Diddy Diddy,Manfred Mann,Manfred,10/17/1964
"Oh, Pretty Woman",Roy Orbison And The Candy Men,Roy,10/3/1964
House Of The Rising Sun,The Animals,The,9/12/1964
Where Did Our Love Go,The Supremes,The,8/22/1964
Everybody Loves Somebody,Dean Martin,Dean,8/8/1964
A Hard Day's Night,The Beatles,John,8/1/1964
A Hard Day's Night,The Beatles,Paul,8/1/1964
A Hard Day's Night,The Beatles,George,8/1/1964
A Hard Day's Night,The Beatles,Ringo,8/1/1964
Rag Doll,"The 4 Seasons Featuring the ""Sound of Frankie Valli""",The,7/18/1964
I Get Around,The Beach Boys,Brian,7/4/1964
A World Without Love,Peter And Gordon,Peter,6/20/1964
Chapel Of Love,The Dixie Cups,The,6/13/1964
Love Me Do,The Beatles,John,5/23/1964
Love Me Do,The Beatles,Paul,5/23/1964
Love Me Do,The Beatles,George,5/23/1964
Love Me Do,The Beatles,Ringo,5/23/1964
My Guy,Mary Wells,Mary,5/16/1964
"Hello, Dolly!",Louis Armstrong And The All Stars,Louis,5/2/1964
Can't Buy Me Love,The Beatles,John,4/25/1964
Can't Buy Me Love,The Beatles,Paul,4/25/1964
Can't Buy Me Love,The Beatles,George,4/25/1964
Can't Buy Me Love,The Beatles,Ringo,4/25/1964
She Loves You,The Beatles,John,3/21/1964
She Loves You,The Beatles,Paul,3/21/1964
She Loves You,The Beatles,George,3/21/1964
She Loves You,The Beatles,Ringo,3/21/1964
I Want To Hold Your Hand,The Beatles,John,3/7/1964
I Want To Hold Your Hand,The Beatles,Paul,3/7/1964
I Want To Hold Your Hand,The Beatles,George,3/7/1964
I Want To Hold Your Hand,The Beatles,Ringo,3/7/1964
There! I've Said It Again,Bobby Vinton,Bobby,1/18/1964
Dominique,The Singing Nun (Soeur Sourire),The,12/21/1963
I'm Leaving It Up To You,Dale & Grace,Dale,11/23/1963
Deep Purple,Nino Tempo & April Stevens,Nino,11/9/1963
Sugar Shack,Jimmy Gilmer And The Fireballs,Jimmy,11/2/1963
Blue Velvet,Bobby Vinton,Bobby,9/28/1963
My Boyfriend's Back,The Angels,The,9/7/1963
Fingertips - Pt 2,Little Stevie Wonder,Little,8/17/1963
So Much In Love,The Tymes,The,7/27/1963
Surf City,Jan & Dean,Jan,7/20/1963
Easier Said Than Done,The Essex,The,7/6/1963
Sukiyaki,Kyu Sakamoto,Kyu,6/22/1963
It's My Party,Lesley Gore,Lesley,6/1/1963
If You Wanna Be Happy,Jimmy Soul,Jimmy,5/18/1963
I Will Follow Him,Little Peggy March,Little,5/4/1963
He's So Fine,The Chiffons,The,4/13/1963
Our Day Will Come,Ruby And The Romantics,Ruby,3/16/1963
Walk Like A Man,The 4 Seasons,The,3/9/1963
Hey Paula,Paul and Paula,Paul,2/16/1963
Walk Right In,The Rooftop Singers,The,1/26/1963
Telstar,The Tornadoes,The,12/29/1962
He's A Rebel,The Crystals,The,11/3/1962
Monster Mash,"Bobby ""Boris"" Pickett And The Crypt-Kickers",Bobby,10/20/1962
Sherry,The 4 Seasons,The,10/6/1962
Sheila,Tommy Roe,Tommy,9/1/1962
Breaking Up Is Hard To Do,Neil Sedaka,Neil,8/11/1962
Roses Are Red (My Love),Bobby Vinton,Bobby,7/28/1962
The Stripper,David Rose and His Orchestra,David,6/30/1962
I Can't Stop Loving You,Ray Charles,Ray,6/23/1962
Stranger On The Shore,Mr. Acker Bilk,Mr.,5/19/1962
Soldier Boy,The Shirelles,The,5/12/1962
Good Luck Charm,Elvis Presley With The Jordanaires,Elvis,4/21/1962
Johnny Angel,Shelley Fabares,Shelley,4/7/1962
Don't Break The Heart That Loves You,Connie Francis,Connie,3/24/1962
Hey! Baby,Bruce Channel,Bruce,3/17/1962
Duke Of Earl,Gene Chandler,Gene,2/24/1962
Peppermint Twist - Part I,Joey Dee & the Starliters,Joey,2/3/1962
The Twist,Chubby Checker,Chubby,1/13/1962
The Lion Sleeps Tonight,The Tokens,The,12/25/1961
Big Bad John,Jimmy Dean,Jimmy,11/27/1961
Runaround Sue,Dion,Dion,10/23/1961
Hit The Road Jack,Ray Charles and his Orchestra,Ray,10/9/1961
Take Good Care Of My Baby,Bobby Vee,Bobby,9/25/1961
Michael,The Highwaymen,The,9/4/1961
Wooden Heart,Joe Dowell,Joe,8/21/1961
Tossin' And Turnin',Bobby Lewis,Bobby,8/14/1961
Quarter To Three,U.S. Bonds,U.S.,6/26/1961
Moody River,Pat Boone,Pat,6/12/1961
Travelin' Man,Ricky Nelson,Ricky,6/5/1961
Running Scared,Roy Orbison,Roy,5/29/1961
Mother-In-Law,Ernie K-Doe,Ernie,5/15/1961
Runaway,Del Shannon,Del,5/8/1961
Blue Moon,The Marcels,The,4/10/1961
Surrender,Elvis Presley With The Jordanaires,Elvis,3/20/1961
Pony Time,Chubby Checker,Chubby,3/6/1961
Calcutta,Lawrence Welk And His Orchestra,Lawrence,2/13/1961
Will You Love Me Tomorrow,The Shirelles,The,1/30/1961
Wonderland By Night,Bert Kaempfert And His Orchestra,Bert,1/16/1961
Are You Lonesome To-night?,Elvis Presley With The Jordanaires,Elvis,12/26/1960
Stay,Maurice Williams & The Zodiacs,Maurice,11/14/1960
Georgia On My Mind,Ray Charles,Ray,11/7/1960
Save The Last Dance For Me,The Drifters,The,10/31/1960
I Want To Be Wanted,Brenda Lee,Brenda,10/17/1960
Mr. Custer,Larry Verne,Larry,10/3/1960
My Heart Has A Mind Of Its Own,Connie Francis,Connie,9/26/1960
It's Now Or Never,Elvis Presley With The Jordanaires,Elvis,9/5/1960
Itsy Bitsy Teenie Weenie Yellow Polkadot Bikini,Brian Hyland,Brian,8/1/1960
Alley-Oop,Hollywood Argyles,Hollywood,7/4/1960
Everybody's Somebody's Fool,Connie Francis,Connie,6/27/1960
Cathy's Clown,The Everly Brothers,The,6/13/1960
Stuck On You,Elvis Presley With The Jordanaires,Elvis,5/9/1960
"The Theme From ""A Summer Place""",Percy Faith And His Orchestra,Percy,4/11/1960
Teen Angel,Mark Dinning,Mark,2/8/1960
Running Bear,Johnny Preston,Johnny,1/25/1960
El Paso,Marty Robbins,Marty,1/4/1960
Why,Frankie Avalon,Frankie,12/21/1959
Heartaches By The Number,Guy Mitchell,Guy,12/14/1959
Mack The Knife,Bobby Darin,Bobby,11/30/1959
Mr. Blue,The Fleetwoods,The,11/9/1959
Sleep Walk,Santo & Johnny,Santo,9/21/1959
The Three Bells,The Browns,The,9/7/1959
A Big Hunk O' Love,Elvis Presley With The Jordanaires,Elvis,8/10/1959
Lonely Boy,Paul Anka,Paul,7/27/1959
The Battle Of New Orleans,Johnny Horton,Johnny,6/29/1959
Kansas City,Wilbert Harrison,Wilbert,5/18/1959
The Happy Organ,"Dave ""Baby"" Cortez",Dave,5/4/1959
Come Softly To Me,The Fleetwoods,The,4/27/1959
Stagger Lee,Lloyd Price,Lloyd,2/23/1959
Smoke Gets In Your Eyes,The Platters,The,1/26/1959
The Chipmunk Song,The Chipmunks With David Seville,The,1/5/1959
